{"cameraMode":{"drawMode":0,"name":"Shaded","section":"Shading Mode"},"sceneLighting":false,"audioPlay":false,"sceneViewState":{"showFog":true,"showMaterialUpdate":true,"showSkybox":true,"showFlares":true,"showImageEffects":true,"showParticleSystems":true},"in2DMode":false,"pivot":{"x":1014.552001953125,"y":509.8628234863281,"z":-4.191162109375},"rotation":{"x":0.0013060282217338682,"y":0.9782613515853882,"z":-0.20729190111160279,"w":0.006164016202092171},"size":233.8354949951172,"orthographic":false}